{"files":[{"name":{"_data_":"qpsk.dds","_wellknowntype_":"string"},"references":{"cells":[],"externalFiles":[{"_data_":"qpsk.ds","_wellknowntype_":"string"}],"libraries":[],"libraryFiles":[],"pcbVias":[],"views":[]},"timestamp":[{"file":{"_data_":"qpsk.dds","_wellknowntype_":"string"},"time":{"_data_":1730114650313,"_wellknowntype_":"int64"}}]},{"name":{"_data_":"qpsk.ds","_wellknowntype_":"string"},"references":{"cells":[],"externalFiles":[],"libraries":[],"libraryFiles":[],"pcbVias":[],"views":[]},"timestamp":[]}],"version":{"_data_":1.0,"_wellknowntype_":"double"}}