{"cells":[{"name":{"_data_":"ReadMe","_wellknowntype_":"string"},"views":[{"name":{"_data_":"schematic","_wellknowntype_":"string"},"references":{"cells":[],"externalFiles":[],"libraries":[],"libraryFiles":[],"pcbVias":[],"views":[]},"timestamp":[{"file":{"_data_":".","_wellknowntype_":"string"},"time":{"_data_":1729874151857,"_wellknowntype_":"int64"}},{"file":{"_data_":"master.tag","_wellknowntype_":"string"},"time":{"_data_":1405321683000,"_wellknowntype_":"int64"}},{"file":{"_data_":"sch.oa","_wellknowntype_":"string"},"time":{"_data_":1405321683000,"_wellknowntype_":"int64"}},{"file":{"_data_":"sch.oa.cdslck","_wellknowntype_":"string"},"time":{"_data_":1729874151857,"_wellknowntype_":"int64"}}]}]},{"name":{"_data_":"Receiver_linear_noise","_wellknowntype_":"string"},"views":[{"name":{"_data_":"schematic","_wellknowntype_":"string"},"references":{"cells":[],"externalFiles":[],"libraries":[],"libraryFiles":[],"pcbVias":[],"views":[{"_data_":"ads_behavioral:AGC_Amp:symbol","_wellknowntype_":"string"},{"_data_":"ads_behavioral:Amplifier2:symbol","_wellknowntype_":"string"},{"_data_":"ads_behavioral:BPF_Elliptic:symbol","_wellknowntype_":"string"},{"_data_":"ads_behavioral:Mixer2:symbol","_wellknowntype_":"string"},{"_data_":"ads_datacmps:VAR:symbol","_wellknowntype_":"string"},{"_data_":"ads_rflib:GROUND:symbol","_wellknowntype_":"string"},{"_data_":"ads_simulation:Options:symbol","_wellknowntype_":"string"},{"_data_":"ads_simulation:S_Param:symbol","_wellknowntype_":"string"},{"_data_":"ads_simulation:Term:symbol","_wellknowntype_":"string"},{"_data_":"ads_sources:P_1Tone:symbol","_wellknowntype_":"string"},{"_data_":"ads_sources:V_DC:symbol","_wellknowntype_":"string"}]},"timestamp":[{"file":{"_data_":".","_wellknowntype_":"string"},"time":{"_data_":1735017891345,"_wellknowntype_":"int64"}},{"file":{"_data_":"master.tag","_wellknowntype_":"string"},"time":{"_data_":1734817689172,"_wellknowntype_":"int64"}},{"file":{"_data_":"sch.oa","_wellknowntype_":"string"},"time":{"_data_":1735013485894,"_wellknowntype_":"int64"}},{"file":{"_data_":"sch.oa.cdslck","_wellknowntype_":"string"},"time":{"_data_":1735017891345,"_wellknowntype_":"int64"}}]}]},{"name":{"_data_":"Receiver_noise_analysis","_wellknowntype_":"string"},"views":[]},{"name":{"_data_":"Receiver_nonlinear_noise","_wellknowntype_":"string"},"views":[{"name":{"_data_":"schematic","_wellknowntype_":"string"},"references":{"cells":[],"externalFiles":[],"libraries":[],"libraryFiles":[],"pcbVias":[],"views":[{"_data_":"ads_behavioral:AGC_Amp:symbol","_wellknowntype_":"string"},{"_data_":"ads_behavioral:Amplifier2:symbol","_wellknowntype_":"string"},{"_data_":"ads_behavioral:BPF_Elliptic:symbol","_wellknowntype_":"string"},{"_data_":"ads_behavioral:LPF_Chebyshev:symbol","_wellknowntype_":"string"},{"_data_":"ads_behavioral:Mixer2:symbol","_wellknowntype_":"string"},{"_data_":"ads_datacmps:VAR:symbol","_wellknowntype_":"string"},{"_data_":"ads_rflib:GROUND:symbol","_wellknowntype_":"string"},{"_data_":"ads_simulation:HarmonicBalance:symbol","_wellknowntype_":"string"},{"_data_":"ads_simulation:Options:symbol","_wellknowntype_":"string"},{"_data_":"ads_simulation:Term:symbol","_wellknowntype_":"string"},{"_data_":"ads_sources:P_1Tone:symbol","_wellknowntype_":"string"},{"_data_":"ads_sources:V_DC:symbol","_wellknowntype_":"string"}]},"timestamp":[{"file":{"_data_":".","_wellknowntype_":"string"},"time":{"_data_":1735017889930,"_wellknowntype_":"int64"}},{"file":{"_data_":"master.tag","_wellknowntype_":"string"},"time":{"_data_":1734817703916,"_wellknowntype_":"int64"}},{"file":{"_data_":"sch.oa","_wellknowntype_":"string"},"time":{"_data_":1735017855806,"_wellknowntype_":"int64"}},{"file":{"_data_":"sch.oa.cdslck","_wellknowntype_":"string"},"time":{"_data_":1735017889931,"_wellknowntype_":"int64"}}]}]},{"name":{"_data_":"Receiver_with_adj_interferers","_wellknowntype_":"string"},"views":[]},{"name":{"_data_":"Receiver_with_inband_interferer","_wellknowntype_":"string"},"views":[{"name":{"_data_":"schematic","_wellknowntype_":"string"},"references":{"cells":[],"externalFiles":[],"libraries":[],"libraryFiles":[],"pcbVias":[],"views":[{"_data_":"ads_behavioral:Amplifier:symbol","_wellknowntype_":"string"},{"_data_":"ads_behavioral:Attenuator:symbol","_wellknowntype_":"string"},{"_data_":"ads_behavioral:BPF_RaisedCos:symbol","_wellknowntype_":"string"},{"_data_":"ads_behavioral:IQ_ModTuned:symbol","_wellknowntype_":"string"},{"_data_":"ads_behavioral:PI4DQPSK_ModTuned:symbol","_wellknowntype_":"string"},{"_data_":"ads_behavioral:PwrSplit2:symbol","_wellknowntype_":"string"},{"_data_":"ads_datacmps:VAR:symbol","_wellknowntype_":"string"},{"_data_":"ads_rflib:GROUND:symbol","_wellknowntype_":"string"},{"_data_":"ads_simulation:Envelope:symbol","_wellknowntype_":"string"},{"_data_":"ads_simulation:Options:symbol","_wellknowntype_":"string"},{"_data_":"ads_simulation:Term:symbol","_wellknowntype_":"string"},{"_data_":"ads_sources:P_1Tone:symbol","_wellknowntype_":"string"},{"_data_":"ads_sources:VtLFSR_DT:symbol","_wellknowntype_":"string"}]},"timestamp":[{"file":{"_data_":".","_wellknowntype_":"string"},"time":{"_data_":1730709972065,"_wellknowntype_":"int64"}},{"file":{"_data_":"master.tag","_wellknowntype_":"string"},"time":{"_data_":1730686223384,"_wellknowntype_":"int64"}},{"file":{"_data_":"sch.oa","_wellknowntype_":"string"},"time":{"_data_":1730709946071,"_wellknowntype_":"int64"}}]}]},{"name":{"_data_":"Receiver_with_nadj_interferers","_wellknowntype_":"string"},"views":[{"name":{"_data_":"schematic","_wellknowntype_":"string"},"references":{"cells":[],"externalFiles":[],"libraries":[],"libraryFiles":[],"pcbVias":[],"views":[{"_data_":"ads_behavioral:AGC_Amp:symbol","_wellknowntype_":"string"},{"_data_":"ads_behavioral:Amplifier2:symbol","_wellknowntype_":"string"},{"_data_":"ads_behavioral:Attenuator:symbol","_wellknowntype_":"string"},{"_data_":"ads_behavioral:BPF_Elliptic:symbol","_wellknowntype_":"string"},{"_data_":"ads_behavioral:BPF_RaisedCos:symbol","_wellknowntype_":"string"},{"_data_":"ads_behavioral:IQ_ModTuned:symbol","_wellknowntype_":"string"},{"_data_":"ads_behavioral:LPF_Chebyshev:symbol","_wellknowntype_":"string"},{"_data_":"ads_behavioral:LPF_RaisedCos:symbol","_wellknowntype_":"string"},{"_data_":"ads_behavioral:Mixer2:symbol","_wellknowntype_":"string"},{"_data_":"ads_behavioral:PI4DQPSK_ModTuned:symbol","_wellknowntype_":"string"},{"_data_":"ads_behavioral:PhaseShiftSML:symbol","_wellknowntype_":"string"},{"_data_":"ads_behavioral:PwrSplit2:symbol","_wellknowntype_":"string"},{"_data_":"ads_datacmps:VAR:symbol","_wellknowntype_":"string"},{"_data_":"ads_rflib:GROUND:symbol","_wellknowntype_":"string"},{"_data_":"ads_simulation:Envelope:symbol","_wellknowntype_":"string"},{"_data_":"ads_simulation:Options:symbol","_wellknowntype_":"string"},{"_data_":"ads_simulation:Term:symbol","_wellknowntype_":"string"},{"_data_":"ads_sources:P_1Tone:symbol","_wellknowntype_":"string"},{"_data_":"ads_sources:V_DC:symbol","_wellknowntype_":"string"},{"_data_":"ads_sources:VtLFSR_DT:symbol","_wellknowntype_":"string"}]},"timestamp":[{"file":{"_data_":".","_wellknowntype_":"string"},"time":{"_data_":1735019641419,"_wellknowntype_":"int64"}},{"file":{"_data_":"master.tag","_wellknowntype_":"string"},"time":{"_data_":1735019528340,"_wellknowntype_":"int64"}},{"file":{"_data_":"sch.oa","_wellknowntype_":"string"},"time":{"_data_":1735019641418,"_wellknowntype_":"int64"}},{"file":{"_data_":"sch.oa.cdslck","_wellknowntype_":"string"},"time":{"_data_":1735019531747,"_wellknowntype_":"int64"}}]}]},{"name":{"_data_":"Receiver_with_two_interferers","_wellknowntype_":"string"},"views":[{"name":{"_data_":"schematic","_wellknowntype_":"string"},"references":{"cells":[],"externalFiles":[],"libraries":[],"libraryFiles":[],"pcbVias":[],"views":[{"_data_":"ads_behavioral:Amplifier:symbol","_wellknowntype_":"string"},{"_data_":"ads_behavioral:Attenuator:symbol","_wellknowntype_":"string"},{"_data_":"ads_behavioral:BPF_RaisedCos:symbol","_wellknowntype_":"string"},{"_data_":"ads_behavioral:IQ_ModTuned:symbol","_wellknowntype_":"string"},{"_data_":"ads_behavioral:PI4DQPSK_ModTuned:symbol","_wellknowntype_":"string"},{"_data_":"ads_behavioral:PwrSplit2:symbol","_wellknowntype_":"string"},{"_data_":"ads_datacmps:VAR:symbol","_wellknowntype_":"string"},{"_data_":"ads_rflib:GROUND:symbol","_wellknowntype_":"string"},{"_data_":"ads_simulation:Envelope:symbol","_wellknowntype_":"string"},{"_data_":"ads_simulation:Options:symbol","_wellknowntype_":"string"},{"_data_":"ads_simulation:Term:symbol","_wellknowntype_":"string"},{"_data_":"ads_sources:P_1Tone:symbol","_wellknowntype_":"string"},{"_data_":"ads_sources:VtLFSR_DT:symbol","_wellknowntype_":"string"}]},"timestamp":[{"file":{"_data_":".","_wellknowntype_":"string"},"time":{"_data_":1734804686209,"_wellknowntype_":"int64"}},{"file":{"_data_":"master.tag","_wellknowntype_":"string"},"time":{"_data_":1730707963320,"_wellknowntype_":"int64"}},{"file":{"_data_":"sch.oa","_wellknowntype_":"string"},"time":{"_data_":1730709912510,"_wellknowntype_":"int64"}}]}]},{"name":{"_data_":"pi4dqpsk","_wellknowntype_":"string"},"views":[{"name":{"_data_":"schematic","_wellknowntype_":"string"},"references":{"cells":[],"externalFiles":[{"_data_":"pi4dqpsk.dds","_wellknowntype_":"string"},{"_data_":"pi4dqpsk.ds","_wellknowntype_":"string"}],"libraries":[],"libraryFiles":[],"pcbVias":[],"views":[{"_data_":"ads_behavioral:Amplifier:symbol","_wellknowntype_":"string"},{"_data_":"ads_behavioral:BPF_RaisedCos:symbol","_wellknowntype_":"string"},{"_data_":"ads_behavioral:PI4DQPSK_ModTuned:symbol","_wellknowntype_":"string"},{"_data_":"ads_rflib:GROUND:symbol","_wellknowntype_":"string"},{"_data_":"ads_rflib:R:symbol","_wellknowntype_":"string"},{"_data_":"ads_simulation:Envelope:symbol","_wellknowntype_":"string"},{"_data_":"ads_sources:P_1Tone:symbol","_wellknowntype_":"string"},{"_data_":"ads_sources:VtLFSR_DT:symbol","_wellknowntype_":"string"}]},"timestamp":[{"file":{"_data_":".","_wellknowntype_":"string"},"time":{"_data_":1405321682000,"_wellknowntype_":"int64"}},{"file":{"_data_":"master.tag","_wellknowntype_":"string"},"time":{"_data_":1405321682000,"_wellknowntype_":"int64"}},{"file":{"_data_":"named.views","_wellknowntype_":"string"},"time":{"_data_":1405321682000,"_wellknowntype_":"int64"}},{"file":{"_data_":"sch.oa","_wellknowntype_":"string"},"time":{"_data_":1405321682000,"_wellknowntype_":"int64"}}]}]},{"name":{"_data_":"qpsk","_wellknowntype_":"string"},"views":[{"name":{"_data_":"schematic","_wellknowntype_":"string"},"references":{"cells":[],"externalFiles":[{"_data_":"qpsk.ds","_wellknowntype_":"string"}],"libraries":[],"libraryFiles":[],"pcbVias":[],"views":[{"_data_":"ads_behavioral:Amplifier:symbol","_wellknowntype_":"string"},{"_data_":"ads_behavioral:Attenuator:symbol","_wellknowntype_":"string"},{"_data_":"ads_behavioral:BPF_RaisedCos:symbol","_wellknowntype_":"string"},{"_data_":"ads_behavioral:IQ_ModTuned:symbol","_wellknowntype_":"string"},{"_data_":"ads_datacmps:VAR:symbol","_wellknowntype_":"string"},{"_data_":"ads_rflib:GROUND:symbol","_wellknowntype_":"string"},{"_data_":"ads_simulation:Envelope:symbol","_wellknowntype_":"string"},{"_data_":"ads_simulation:Options:symbol","_wellknowntype_":"string"},{"_data_":"ads_simulation:Term:symbol","_wellknowntype_":"string"},{"_data_":"ads_sources:P_1Tone:symbol","_wellknowntype_":"string"},{"_data_":"ads_sources:VtLFSR_DT:symbol","_wellknowntype_":"string"}]},"timestamp":[{"file":{"_data_":".","_wellknowntype_":"string"},"time":{"_data_":1730686232284,"_wellknowntype_":"int64"}},{"file":{"_data_":"master.tag","_wellknowntype_":"string"},"time":{"_data_":1405321682000,"_wellknowntype_":"int64"}},{"file":{"_data_":"named.views","_wellknowntype_":"string"},"time":{"_data_":1405321682000,"_wellknowntype_":"int64"}},{"file":{"_data_":"sch.oa","_wellknowntype_":"string"},"time":{"_data_":1730114665868,"_wellknowntype_":"int64"}}]}]}],"name":{"_data_":"BER_Env_lib","_wellknowntype_":"string"},"version":{"_data_":1.0,"_wellknowntype_":"double"}}